<?xml version="1.0" encoding="UTF-8"?>
<project-private xmlns="http://www.netbeans.org/ns/project-private/1">
    <editor-bookmarks xmlns="http://www.netbeans.org/ns/editor-bookmarks/2" lastBookmarkId="0"/>
    <open-files xmlns="http://www.netbeans.org/ns/projectui-open-files/2">
        <group>
            <file>file:/C:/Users/aulainformatica/Downloads/Patron_decorator/Practica_decorator/src/abstraccion/DecoradorBicicleta.java</file>
            <file>file:/C:/Users/aulainformatica/Downloads/Patron_decorator/Practica_decorator/src/decorador/Cambios.java</file>
            <file>file:/C:/Users/aulainformatica/Downloads/Patron_decorator/Practica_decorator/src/practica_decorator/PracticaDecorator.java</file>
            <file>file:/C:/Users/aulainformatica/Downloads/Patron_decorator/Practica_decorator/src/clase_base/Bicicleta.java</file>
            <file>file:/C:/Users/aulainformatica/Downloads/Patron_decorator/Practica_decorator/src/decorador/Manubrio.java</file>
            <file>file:/C:/Users/aulainformatica/Downloads/Patron_decorator/Practica_decorator/src/decorador/Frenos.java</file>
        </group>
    </open-files>
</project-private>
